aa,exposed_alpha,buried_alpha,total_alpha,exposed_beta,buried_beta,total_beta,chou_alpha,chou_beta
V,0.83,0.89,0.91,2.31,1.57,2,1.06,1.7
I,0.96,1.01,1.04,2.02,1.39,1.79,1.08,1.6
L,1.16,1.27,1.28,1.18,0.93,1.15,1.21,1.3
M,1.03,1.29,1.26,1.01,0.84,1.01,1.45,1.05
P,0.48,0.41,0.44,0.49,0.42,0.4,0.57,0.55
A,1.43,1.37,1.41,0.48,0.72,0.75,1.42,0.83
C,0.63,0.85,0.85,1.24,1.07,1.36,0.7,1.19
F,0.88,0.99,1,1.5,1.1,1.4,1.13,1.38
Y,0.91,0.98,0.98,1.71,1.12,1.37,0.69,1.47
W,0.87,1.09,1.07,1.9,0.91,1.23,1.08,1.37
Q,1.34,1.21,1.26,0.96,0.82,0.72,1.11,1.1
S,0.74,0.8,0.76,0.86,0.85,0.81,0.77,0.75
T,0.72,0.84,0.78,1.58,1.08,1.21,0.83,1.19
N,0.74,0.77,0.73,0.71,0.76,0.63,0.67,0.89
H,0.9,0.85,0.87,1.15,0.98,0.99,1,0.87
D,0.91,0.73,0.82,0.61,0.76,0.55,1.01,0.54
K,1.25,1.13,1.17,1.14,0.98,0.76,1.16,0.74
E,1.51,1.25,1.39,0.89,0.86,0.65,1.51,0.37
R,1.31,1.13,1.21,1.27,0.82,0.85,0.98,0.93
G,0.28,0.59,0.44,0.41,0.81,0.67,0.75,0.75
