codon	aa_name	aa	gc_content	gc3_content	narula2019_293t_orfeome	narula2019_a_site_elongation_293t	wu2019_293t_orfeome	wu2019_k562_orfeome	293t_optimality	forrest2020_hela_csc	forest2020_hela_aasc
AAA	Lys	K	0	0	-0.1784360795	0.01	-0.065994674	-0.082503556	Opt	-0.01390808203305	0.029269165
AAC	Asn	N	0.33	1	0.066264581	0.01	0.013212489	0.047233477	Opt	0.016737395093526	0.005183705
AAG	Lys	K	0.33	1	-0.106109774	0.64	-0.000134528	0.061907496	Opt	0.063332327780275	0.029269165
AAT	Asn	N	0	0	-0.0959877475	-0.16	-0.059247143	-0.093181619	NonOpt	-0.007545838545018	0.005183705
ACA	Thr	T	0.33	0	-0.04956744375	0.01	-0.056359609	-0.104350656	NonOpt	-0.01152771923824	0.009722359
ACC	Thr	T	0.66	1	0.12519211325	-0.22	0.058211099	0.109884252	Opt	0.038788261459294	0.009722359
ACG	Thr	T	0.66	1	0.01734396725	0.42	0.051407774	0.044688715	NonOpt	-0.001963613489073	0.009722359
ACT	Thr	T	0.33	0	-0.018980953	-0.19	-0.055942064	-0.077204782	Opt	-0.016734836651365	0.009722359
AGA	Arg	R	0.33	0	-0.121391782	-0.5	-0.058200123	-0.072122377	NonOpt	-0.06900725227276	-0.066230028
AGC	Ser	S	0.66	1	0.02308694075	0.08	0.017769633	0.020764902	Opt	-0.111514892077608	-0.194912797
AGG	Arg	R	0.66	1	-0.11826171075	0.11	-0.015337813	-0.025678032	NonOpt	-0.103495603810222	-0.066230028
AGT	Ser	S	0.33	0	-0.13391709225	0.11	-0.066902217	-0.110262179	NonOpt	-0.115685521116502	-0.194912797
ATA	Ile	I	0	0	-0.0988975015	0.04	-0.040453441	-0.054457998	NonOpt	-0.009905054179842	0.124459062
ATC	Ile	I	0.33	1	0.1027432205	0.24	0.073544855	0.143272036	NonOpt	0.112051908769988	0.124459062
ATG	Met	M	0.33	1	0.03916801825	-0.19	0.04844096	0.090953075	Opt	0.116812775769342	0.07574297
ATT	Ile	I	0	0	-0.0752828895	0.11	-0.045537866	-0.073387738	Opt	0.087696140061665	0.124459062
CAA	Gln	Q	0.33	0	-0.0938368675	-0.14	-0.048586457	-0.079564538	Opt	-0.075104692103039	-0.111749878
CAC	His	H	0.66	1	-0.00822876075	0.49	-0.010449933	-0.025299086	Opt	-0.08482191601618	-0.11701059
CAG	Gln	Q	0.66	1	-0.07090737425	0.02	-0.010964239	-0.027468588	Opt	-0.082288504525276	-0.111749878
CAT	His	H	0.33	0	-0.11498792375	0.74	-0.084462768	-0.124496511	Opt	-0.076102291551242	-0.11701059
CCA	Pro	P	0.66	0	-0.0521376865	-0.08	-0.022407994	-0.05892971	NonOpt	-0.060156296006083	-0.076865731
CCC	Pro	P	1	1	0.015159019	-0.44	0.03734277	0.048258297	NonOpt	-0.063191438538966	-0.076865731
CCG	Pro	P	1	1	-0.0308306355	-0.25	0.02326249	0.017257001	NonOpt	-0.025478040178412	-0.076865731
CCT	Pro	P	0.66	0	-0.02587352875	-0.37	-0.035749058	-0.06704823	NonOpt	-0.046515536169114	-0.076865731
CGA	Arg	R	0.66	0	-0.10310650225	0.24	-0.03134846	-0.108887493	Opt	0.007285163330851	-0.066230028
CGC	Arg	R	1	1	0.02729871425	-0.38	0.047081531	0.080312759	NonOpt	0.002077095912876	-0.066230028
CGG	Arg	R	1	1	-0.03710626125	-0.17	0.021598605	-0.018665	Opt	-0.02346858889173	-0.066230028
CGT	Arg	R	0.66	0	0.000355611	-0.1	0.001365791	-0.014334523	NonOpt	0.035244082457387	-0.066230028
CTA	Leu	L	0.66	0	-0.0774472075	-0.68	-0.032223613	-0.0494135	NonOpt	6.77E-05	0.013086206
CTC	Leu	L	0.66	1	0.178302278	-0.85	0.078402162	0.142898557	NonOpt	0.008897852578035	0.013086206
CTG	Leu	L	0.66	1	0.1705878215	-0.54	0.079814428	0.133226227	Opt	0.024091481980219	0.013086206
CTT	Leu	L	0.33	0	-0.022452584	-0.61	-0.03943844	-0.075467506	NonOpt	-0.003018571566286	0.013086206
GAA	Glu	E	0.33	0	-0.1582486505	0.64	-0.066053027	-0.109476543	NonOpt	-0.034687594554173	-0.055656954
GAC	Asp	D	0.66	1	-0.0573388775	0.71	0.003601162	-0.044443533	Opt	0.009936894822673	0.04219741
GAG	Glu	E	0.66	1	-0.12301124725	0.69	0.004559083	-0.004902221	Opt	-0.037367444258324	-0.055656954
GAT	Asp	D	0.33	0	-0.12183782375	0.61	-0.058260194	-0.119047261	Opt	0.039610106782176	0.04219741
GCA	Ala	A	0.66	0	-0.01472512	-0.05	-0.038799605	-0.061083592	NonOpt	0.03606720675878	0.080360702
GCC	Ala	A	1	1	0.08787394175	-0.53	0.064930335	0.115365307	Opt	0.035602502745768	0.080360702
GCG	Ala	A	1	1	0.00077979375	-0.71	0.039137731	0.060036981	NonOpt	0.01103407846717	0.080360702
GCT	Ala	A	0.66	0	0.0127864615	-0.36	0.003968152	-0.009783583	Opt	0.101112021307515	0.080360702
GGA	Gly	G	0.66	0	0.0135515485	0.36	-0.030299413	-0.061659031	NonOpt	0.06868601166049	0.070860271
GGC	Gly	G	1	1	0.145935987	-0.05	0.057791021	0.097437328	Opt	0.025235784981727	0.070860271
GGG	Gly	G	1	1	0.05880845075	-0.04	0.038077436	0.024264833	Opt	-0.004286469871599	0.070860271
GGT	Gly	G	0.66	0	0.04306996525	-0.15	-0.011373974	-0.013606956	Opt	0.087439406228027	0.070860271
GTA	Val	V	0.33	0	-0.020716784	-0.4	-0.055138536	-0.076093213	Opt	0.036405733267135	0.131678175
GTC	Val	V	0.66	1	0.164122944	-0.49	0.071710289	0.134421483	Opt	0.059822653614553	0.131678175
GTG	Val	V	0.66	1	0.10853248725	-0.87	0.07836433	0.104936586	Opt	0.075747931675222	0.131678175
GTT	Val	V	0.33	0	-0.0253781365	-0.56	-0.049601981	-0.063638071	Opt	0.066711211182314	0.131678175
TAC	Tyr	Y	0.33	0	0.1162945575	-0.34	0.059835375	0.089829145	NonOpt	0.081512541466584	0.109813106
TAT	Tyr	Y	0	0	-0.0993619955	-0.54	-0.042553065	-0.057669854	NonOpt	0.072063765717369	0.109813106
TCA	Ser	S	0.33	0	-0.0801349155	0.05	-0.067334062	-0.095091552	Opt	-0.10669615135315	-0.194912797
TCC	Ser	S	0.66	1	0.0927359105	-0.32	0.044462066	0.058551808	NonOpt	-0.084565894338798	-0.194912797
TCG	Ser	S	0.66	1	-0.006128838	-0.45	0.017354842	0.013643145	NonOpt	-0.051569253252985	-0.194912797
TCT	Ser	S	0.33	0	-0.0868481805	-0.41	-0.036759718	-0.077415637	NonOpt	-0.077926116459063	-0.194912797
TGC	Cys	C	0.66	1	0.089069596	-0.01	0.007153783	0.073893721	NonOpt	-0.045630186145488	-0.079445148
TGG	Trp	W	0.66	1	0.0964068255	0.41	0.052167886	0.073165018	NonOpt	0.043342949647055	0.04389911
TGT	Cys	C	0.33	0	-0.018489854	-0.29	-0.078997764	-0.04784375	NonOpt	-0.081360696599313	-0.079445148
TTA	Leu	L	0	0	-0.140313262	-0.66	-0.060234693	-0.105342608	Opt	-0.050804039150368	0.013086206
TTC	Phe	F	0.33	1	0.14945837825	-0.86	0.089161419	0.138368552	Opt	0.059313653157945	0.079029421
TTG	Leu	L	0.33	1	-0.08095318125	-0.34	-0.022540982	-0.070503663	NonOpt	0.014098679188861	0.013086206
TTT	Phe	F	0	0	-0.06289934125	-1.01	-0.030691353	-0.066905273	NonOpt	0.047321059572005	0.079029421
