insert_num	dicodon	diaa	codon1	codon2	aa1	aa2	lfc	hydropathicity	beta_sheet	alpha_helix	bulkiness	p_i	interaction_no_ss_model	no_interaction_no_ss_model	order
520	AGAAGA	RR	AGA	AGA	R	R	-0.20426129948623029	-4.5	0.93	0.98	14.28	10.76	-1.0540520101043531	-1.1664455798429214	-0.20426129948623029
8	AAAAGA	KR	AAA	AGA	K	R	-0.5948690378307653	-4.2	0.835	1.0699999999999998	14.995000000000001	10.25	-1.0474088842525269	-1.0125592020256122	-0.5948690378307653
2	AAAAAG	KK	AAA	AAG	K	K	0.4416291076245251	-3.9	0.74	1.16	15.71	9.74	-1.008397001012246	-0.8586728242083037	0.4416291076245251
1096	CACAGA	HR	CAC	AGA	H	R	-2	-3.85	0.9	0.99	13.985	9.175	-0.676028310891148	-0.7994039736310841	-2
1088	CACAAA	HK	CAC	AAA	H	K	-0.8672192543745947	-3.55	0.8049999999999999	1.08	14.7	8.665	-0.6257641457135221	-0.6455175958137747	-0.8672192543745947
1288	CCAAGA	PR	CCA	AGA	P	R	-0.22615796157860757	-3.05	0.74	0.7749999999999999	15.855	8.53	-0.6758320751741429	-0.5621139831959703	-0.22615796157860757
776	ATAAGA	IR	ATA	AGA	I	R	-1.2052925719020493	0	1.2650000000000001	1.03	17.84	8.39	-0.7643188932522603	-0.4408395893924937	-1.2052925719020493
2312	GCAAGA	AR	GCA	AGA	A	R	-0.31057609822214616	-1.35	0.88	1.2	12.89	8.379999999999999	-0.4408958122626089	-0.6571469773294667	-0.31057609822214616
1800	CTAAGA	LR	CTA	AGA	L	R	-0.5783460991744143	-0.3500000000000001	1.115	1.095	17.84	8.370000000000001	-0.7567605014020705	-0.4360436832615455	-0.5783460991744143
2568	GGAAGA	GR	GGA	AGA	G	R	-0.005039137196064303	-2.45	0.8400000000000001	0.7749999999999999	8.84	8.365	-0.17969195191318202	-0.8324907812787133	-0.005039137196064303
556	AGAGTA	RV	AGA	GTA	R	V	-1.0853457048990514	-0.1499999999999999	1.315	1.02	17.925	8.36	-0.7583946882180488	-0.42989018393643297	-1.0853457048990514
570	AGATGG	RW	AGA	TGG	R	W	-0.48241164505846257	-2.7	1.1500000000000001	1.03	17.975	8.325	-0.7481421340683965	-0.4192882033486632	-0.48241164505846257
906	ATGAGG	MR	ATG	AGG	M	R	-0.14671375356837402	-1.3	0.99	1.2149999999999999	15.265	8.25	-0.5599880728847457	-0.5210392066943015	-0.14671375356837402
521	AGAAGC	RS	AGA	AGC	R	S	0.13580665847420192	-2.65	0.8400000000000001	0.875	11.875	8.219999999999999	-0.35724498076476213	-0.6636253689116766	0.13580665847420192
561	AGATAC	RY	AGA	TAC	R	Y	-0.36193101655868176	-2.9	1.2	0.835	16.155	8.21	-0.6001988994778472	-0.472124615949137	-0.36193101655868176
1032	CAAAGA	QR	CAA	AGA	Q	R	-0.28279720791052654	-4	1.0150000000000001	1.045	14.364999999999998	8.205	-0.49699791210692457	-0.5500130253546588	-0.28279720791052654
516	AGAACA	RT	AGA	ACA	R	T	-0.5662472697126582	-2.6	1.06	0.905	15.024999999999999	8.18	-0.5281663095237549	-0.5148574305573138	-0.5662472697126582
3912	TTCAGA	FR	TTC	AGA	F	R	-1.4579661747182975	-0.8500000000000001	1.155	1.055	17.04	8.120000000000001	-0.6198527166489672	-0.4114411743624633	-1.4579661747182975
72	AACAGA	NR	AAC	AGA	N	R	-0.04046710673566878	-4	0.91	0.825	13.55	8.085	-0.4281980314393084	-0.5572466497643225	-0.04046710673566878
20	AAACCA	KP	AAA	CCA	K	P	-0.15477979056727165	-2.75	0.645	0.865	16.57	8.02	-0.5627710560132637	-0.40822760537866154	-0.15477979056727165
3656	TGCAGA	CR	TGC	AGA	C	R	-0.5492938077658387	-1	1.06	0.84	13.870000000000001	7.915	-0.4103800667694246	-0.5023429205561554	-0.5492938077658387
768	ATAAAA	IK	ATA	AAA	I	K	-1.2143551474601857	0.30000000000000004	1.17	1.12	18.555	7.88	-0.6018836465351157	-0.2869532115751846	-1.2143551474601857
2304	GCAAAA	AK	GCA	AAA	A	K	-0.201661284615124	-1.0499999999999998	0.7849999999999999	1.29	13.605	7.87	-0.3901889234390893	-0.5032605995121582	-0.201661284615124
28	AAACTA	KL	AAA	CTA	K	L	-1.3843683070999155	-0.050000000000000044	1.02	1.185	18.555	7.86	-0.5936905731675045	-0.28215730544423656	-1.3843683070999155
2560	GGAAAA	GK	GGA	AAA	G	K	-0.8368232650733489	-2.15	0.745	0.865	9.555	7.855	-0.2201828053944157	-0.6786044034614044	-0.8368232650733489
44	AAAGTA	KV	AAA	GTA	K	V	-2	0.15000000000000013	1.22	1.1099999999999999	18.64	7.85	-0.5930834021772071	-0.276003806119125	-2
58	AAATGG	KW	AAA	TGG	K	W	-0.38174774794930144	-2.4	1.0550000000000002	1.12	18.69	7.8149999999999995	-0.5805883806382075	-0.2654018255313544	-0.38174774794930144
14	AAAATG	KM	AAA	ATG	K	M	-0.01332725365701215	-1	0.895	1.305	15.98	7.74	-0.4513964543395484	-0.3671528288769927	-0.01332725365701215
9	AAAAGC	KS	AAA	AGC	K	S	-0.569823025292326	-2.35	0.745	0.965	12.59	7.71	-0.3244356668992751	-0.5097389910943679	-0.569823025292326
49	AAATAC	KY	AAA	TAC	K	Y	-2	-2.6	1.105	0.9249999999999999	16.87	7.7	-0.470192327635065	-0.31823823813182806	-2
16	AAACAA	KQ	AAA	CAA	K	Q	-0.2708019600153264	-3.7	0.92	1.135	15.08	7.695	-0.4073502053570459	-0.39612664753734983	-0.2708019600153264
4	AAAACA	KT	AAA	ACA	K	T	-0.8024024974845929	-2.3	0.965	0.9949999999999999	15.74	7.67	-0.4227858243901227	-0.36097105274000485	-0.8024024974845929
3904	TTCAAA	FK	TTC	AAA	F	K	-1.7723595052988212	-0.55	1.06	1.145	17.755000000000003	7.61	-0.4669576651884353	-0.2575547965451541	-1.7723595052988212
1105	CACCAC	HH	CAC	CAC	H	H	0.2237711811837002	-3.2	0.87	1	13.69	7.59	-0.3395096760846512	-0.4323623674192463	0.2237711811837002
1	AAAAAC	KN	AAA	AAC	K	N	-0.3884477200005776	-3.7	0.815	0.915	14.265	7.575	-0.3531901637468561	-0.4033602719470135	-0.3884477200005776
3648	TGCAAA	CK	TGC	AAA	C	K	-0.43839087499952356	-0.7	0.965	0.9299999999999999	14.585	7.405	-0.3227340478821805	-0.34845654273884663	-0.43839087499952356
2056	GAAAGA	ER	GAA	AGA	E	R	-0.2889714991594623	-4	0.65	1.245	13.925	6.99	-0.22394959489248784	-0.2781022026553324	-0.2889714991594623
1108	CACCCA	HP	CAC	CCA	H	P	0.08672680650904496	-2.4000000000000004	0.71	0.7849999999999999	15.559999999999999	6.945	-0.21620852723256367	-0.19507237698413316	0.08672680650904496
1100	CACATA	HI	CAC	ATA	H	I	-0.04042735324877711	0.6499999999999999	1.235	1.04	17.544999999999998	6.805	-0.1668884564661163	-0.07379798318065596	-0.04042735324877711
2321	GCACAC	AH	GCA	CAC	A	H	-0.742298340459989	-0.7000000000000001	0.85	1.21	12.594999999999999	6.795	-0.19181676189460006	-0.29010537111762946	-0.742298340459989
1116	CACCTA	HL	CAC	CTA	H	L	0.05172467198840991	0.2999999999999998	1.085	1.105	17.544999999999998	6.785	-0.15959192622101612	-0.06900207704970791	0.05172467198840991
2577	GGACAC	GH	GGA	CAC	G	H	-0.31471077127623204	-1.8	0.81	0.7849999999999999	8.545	6.779999999999999	-0.21571694325265478	-0.4654491750668755	-0.31471077127623204
1132	CACGTA	HV	CAC	GTA	H	V	0.4721771492087825	0.5	1.285	1.03	17.63	6.775	-0.15537750066230194	-0.06284857772459584	0.4721771492087825
2120	GACAGA	DR	GAC	AGA	D	R	0.02167506830880228	-4	0.7350000000000001	0.995	12.98	6.765	-0.18472764044366238	-0.26590109650990573	0.02167506830880228
1146	CACTGG	HW	CAC	TGG	H	W	-0.32521569620889146	-2.0500000000000003	1.12	1.04	17.68	6.74	-0.14206582598200512	-0.052246597136825945	-0.32521569620889146
1102	CACATG	HM	CAC	ATG	H	M	-0.5917647750501676	-0.6500000000000001	0.96	1.225	14.969999999999999	6.665	-0.14553565182112732	-0.15399760048246403	-0.5917647750501676
1097	CACAGC	HS	CAC	AGC	H	S	-0.13053963536466284	-2	0.81	0.885	11.58	6.635	-0.18166360353036404	-0.2965837626998392	-0.13053963536466284
1137	CACTAC	HY	CAC	TAC	H	Y	-0.41523727988755077	-2.25	1.17	0.845	15.86	6.625	-0.12366086718039271	-0.10508300973729934	-0.41523727988755077
1104	CACCAA	HQ	CAC	CAA	H	Q	-0.1814474992573203	-3.35	0.9850000000000001	1.0550000000000002	14.07	6.62	-0.14644748976668326	-0.1829714191428212	-0.1814474992573203
1092	CACACA	HT	CAC	ACA	H	T	-0.6007514167361379	-1.9500000000000002	1.03	0.915	14.73	6.595	-0.13151382010779689	-0.1478158243454762	-0.6007514167361379
3921	TTCCAC	FH	TTC	CAC	F	H	-0.19014303879670358	-0.20000000000000018	1.125	1.065	16.745	6.535	-0.08223546496435596	-0.044399568150625374	-0.19014303879670358
1089	CACAAC	HN	CAC	AAC	H	N	0.47254320308098485	-3.35	0.88	0.835	13.254999999999999	6.5	-0.13655204566429302	-0.1902050435524848	0.47254320308098485
2048	GAAAAA	EK	GAA	AAA	E	K	-0.0157506750412022	-3.7	0.5549999999999999	1.335	14.64	6.48	-0.10570460361729125	-0.12421582483802364	-0.0157506750412022
3665	TGCCAC	CH	TGC	CAC	C	H	-0.43048725687742717	-0.3500000000000001	1.03	0.85	13.575	6.33	-0.09844868326454209	-0.13530131434431797	-0.43048725687742717
1300	CCACCA	PP	CCA	CCA	P	P	1.1687555860664176	-1.6	0.55	0.57	17.43	6.3	0.014158511442866839	0.042217613450980185	1.1687555860664176
2112	GACAAA	DK	GAC	AAA	D	K	-0.29373736573818476	-3.7	0.64	1.085	13.695	6.255	-0.08073302456747528	-0.11201471869259697	-0.29373736573818476
788	ATACCA	IP	ATA	CCA	I	P	0.006668022343706781	1.45	1.0750000000000002	0.825	19.415	6.16	0.13192321403115265	0.16349200725445728	0.006668022343706781
2324	GCACCA	AP	GCA	CCA	A	P	0.40854541474902817	0.09999999999999998	0.69	0.9949999999999999	14.465	6.15	-0.033879977437118736	-0.052815380682516344	0.40854541474902817
1812	CTACCA	LP	CTA	CCA	L	P	0.2603015949886718	1.0999999999999999	0.925	0.8899999999999999	19.415	6.140000000000001	0.14087968055258424	0.16828791338540527	0.2603015949886718
2580	GGACCA	GP	GGA	CCA	G	P	0.10591967162727656	-1	0.65	0.57	10.415	6.135	-0.1724755418244331	-0.22815918463176238	0.10591967162727656
1324	CCAGTA	PV	CCA	GTA	P	V	0.14370464039820163	1.3	1.125	0.815	19.5	6.13	0.14835738992726727	0.17444141271051758	0.14370464039820163
1402	CCCTGG	PW	CCC	TGG	P	W	-0.41466144437880814	-1.25	0.9600000000000001	0.825	19.55	6.095	0.1660053152545563	0.18504339329828745	-0.41466144437880814
780	ATAATA	II	ATA	ATA	I	I	-2	4.5	1.6	1.08	21.4	6.02	0.2743561674853443	0.28476640105793427	-2
916	ATGCCA	MP	ATG	CCA	M	P	0.5075193002143497	0.1499999999999999	0.8	1.01	16.84	6.02	0.09118042119465447	0.08329238995264943	0.5075193002143497
2316	GCAATA	AI	GCA	ATA	A	I	0.30059363082459	3.15	1.215	1.25	16.45	6.01	0.07867634220925748	0.06845901312096081	0.30059363082459
2340	GCAGCA	AA	GCA	GCA	A	A	0.5135234530700465	1.8	0.83	1.42	11.5	6	-0.12139743203358389	-0.14784837481601276	0.5135234530700465
796	ATACTA	IL	ATA	CTA	I	L	0.6847287185467863	4.15	1.4500000000000002	1.145	21.4	6	0.2850746519257656	0.28956230718888265	0.6847287185467863
2572	GGAATA	GI	GGA	ATA	G	I	0.13492338774925017	2.05	1.175	0.825	12.399999999999999	5.994999999999999	-0.0837630528211544	-0.10688479082828511	0.13492338774925017
1289	CCAAGC	PS	CCA	AGC	P	S	0.5421795402752103	-1.2000000000000002	0.65	0.6699999999999999	13.45	5.99	-0.03950398077953343	-0.0592937722647261	0.5421795402752103
812	ATAGTA	IV	ATA	GTA	I	V	0.6411618156210643	4.35	1.65	1.07	21.485	5.99	0.29396153180241236	0.29571580651399465	0.6411618156210643
2332	GCACTA	AL	GCA	CTA	A	L	0.7822816608414591	2.8	1.065	1.315	16.45	5.99	0.0850008776829233	0.07325491925190897	0.7822816608414591
2344	GCAGGA	AG	GCA	GGA	A	G	-0.15648908509069415	0.7	0.79	0.9949999999999999	7.45	5.984999999999999	-0.2889298133663746	-0.3231921787652588	-0.15648908509069415
1329	CCATAC	PY	CCA	TAC	P	Y	0.04490301550610809	-1.4500000000000002	1.01	0.6299999999999999	17.73	5.98	0.14185332489681368	0.13220698069781384	0.04490301550610809
2348	GCAGTA	AV	GCA	GTA	A	V	0.6925533320312169	3	1.265	1.24	16.535	5.98	0.09172850890065432	0.07940841857702097	0.6925533320312169
1820	CTACTA	LL	CTA	CTA	L	L	0.8847579588997441	3.8	1.3	1.21	21.4	5.98	0.2957931363661892	0.2943582133198305	0.8847579588997441
2588	GGACTA	GL	GGA	CTA	G	L	-0.5742265845090486	1.7	1.025	0.8899999999999999	12.399999999999999	5.975	-0.08103356650210919	-0.10208888469733707	-0.5742265845090486
1296	CCACAA	PQ	CCA	CAA	P	Q	0.14971934827771705	-2.55	0.8250000000000001	0.8400000000000001	15.94	5.975	0.06823892092939673	0.054318571292292187	0.14971934827771705
1836	CTAGTA	LV	CTA	GTA	L	V	0.7837507233615106	4	1.5	1.135	21.485	5.970000000000001	0.3047554678917606	0.3005117126449427	0.7837507233615106
2604	GGAGTA	GV	GGA	GTA	G	V	0.18258102222818096	1.9000000000000001	1.225	0.815	12.485	5.965	-0.0760468711249947	-0.09593538537222512	0.18258102222818096
2860	GTAGTA	VV	GTA	GTA	V	V	0.3023491344924203	4.2	1.7	1.06	21.57	5.96	0.31379325106625844	0.30666521197005486	0.3023491344924203
826	ATATGG	IW	ATA	TGG	I	W	0.4678327202601924	1.8	1.485	1.08	21.535	5.955	0.315003671748216	0.30631778710176455	0.4678327202601924
1284	CCAACA	PT	CCA	ACA	P	T	0.5007085678576502	-1.15	0.87	0.7	16.6	5.949999999999999	0.10414149149075752	0.08947416608963732	0.5007085678576502
2362	GCATGG	AW	GCA	TGG	A	W	0.159869839673636	0.45	1.1	1.25	16.585	5.945	0.10510342981607831	0.09001039916479077	0.159869839673636
1850	CTATGG	LW	CTA	TGG	L	W	0.7716162355847072	1.45	1.335	1.145	21.535	5.9350000000000005	0.32584199116046003	0.31111369323271254	0.7716162355847072
2874	GTATGG	VW	GTA	TGG	V	W	-0.34244146283100996	1.6500000000000001	1.5350000000000001	1.07	21.62	5.925	0.33503400638202274	0.31726719255782476	-0.34244146283100996
3924	TTCCCA	FP	TTC	CCA	F	P	0.2572501914717833	0.5999999999999999	0.965	0.8499999999999999	18.615000000000002	5.890000000000001	0.2160835506487614	0.19289042228448788	0.2572501914717833
3770	TGGTGG	WW	TGG	TGG	W	W	-1.3547780146797983	-0.9	1.37	1.08	21.67	5.89	0.3564301033279256	0.3278691731455947	-1.3547780146797983
846	ATCATG	IM	ATC	ATG	I	M	1.0395306078366549	3.2	1.3250000000000002	1.2650000000000001	18.825	5.88	0.22994731217758724	0.20456678375612636	1.0395306078366549
2318	GCAATG	AM	GCA	ATG	A	M	1.0304482737900216	1.85	0.94	1.435	13.875	5.87	0.002366973569609243	-0.011740604180847436	1.0304482737900216
1806	CTAATG	LM	CTA	ATG	L	M	1.163501658294468	2.8499999999999996	1.175	1.33	18.825	5.86	0.238380055488839	0.2093626898870744	1.163501658294468
84	AACCCA	NP	AAC	CCA	N	P	-0.05477703621965091	-2.55	0.72	0.62	15.125	5.855	0.06476277942612954	0.047084946882628334	-0.05477703621965091
2574	GGAATG	GM	GGA	ATG	G	M	0.48202318249696496	0.75	0.9	1.01	9.825	5.855	-0.18695207139002346	-0.1870844081300933	0.48202318249696496
777	ATAAGC	IS	ATA	AGC	I	S	0.36173872915630767	1.85	1.175	0.925	15.434999999999999	5.85	0.08084161203518686	0.06198062153875117	0.36173872915630767
940	ATGGTA	MV	ATG	GTA	M	V	1.172022498810822	3.05	1.375	1.255	18.91	5.85	0.24665222634337047	0.21551618921218663	1.172022498810822
2313	GCAAGC	AS	GCA	AGC	A	S	0.008848778561883819	0.5	0.79	1.095	10.485	5.84	-0.15483424466912013	-0.15432676639822251	0.008848778561883819
817	ATATAC	IY	ATA	TAC	I	Y	0.6760155566664743	1.6	1.5350000000000001	0.885	19.715	5.84	0.2896744137506421	0.25348137450129116	0.6760155566664743
784	ATACAA	IQ	ATA	CAA	I	Q	0.4425595928515236	0.5	1.35	1.0950000000000002	17.924999999999997	5.835	0.2053780535450979	0.17559296509576922	0.4425595928515236
1801	CTAAGC	LS	CTA	AGC	L	S	0.2042412485914049	1.5	1.025	0.99	15.434999999999999	5.83	0.08626516605405307	0.06677652766969916	0.2042412485914049
2353	GCATAC	AY	GCA	TAC	A	Y	0.3852061870711765	0.25	1.15	1.055	14.765	5.83	0.05370118878292757	0.037173986564317474	0.3852061870711765
2320	GCACAA	AQ	GCA	CAA	A	Q	-0.07060975573172712	-0.85	0.9650000000000001	1.2650000000000001	12.975	5.825	-0.03248812014415357	-0.04071442284120447	-0.07060975573172712
2569	GGAAGC	GS	GGA	AGC	G	S	0.06732228500783322	-0.6000000000000001	0.75	0.6699999999999999	6.4350000000000005	5.824999999999999	-0.351802755329974	-0.3296705703474685	0.06732228500783322
620	AGCGTA	SV	AGC	GTA	S	V	0.3050953546993469	1.7000000000000002	1.225	0.915	15.52	5.82	0.0931459197357771	0.07293002699481121	0.3050953546993469
1841	CTATAC	LY	CTA	TAC	L	Y	1.0098879101282172	1.25	1.385	0.95	19.715	5.82	0.2988971802094521	0.2582772806322391	1.0098879101282172
1808	CTACAA	LQ	CTA	CAA	L	Q	0.5654906407811247	0.1499999999999999	1.2000000000000002	1.1600000000000001	17.924999999999997	5.815	0.21301189704421242	0.1803888712267172	0.5654906407811247
2609	GGATAC	GY	GGA	TAC	G	Y	0.32457840141449523	-0.8500000000000001	1.1099999999999999	0.6299999999999999	10.715	5.8149999999999995	-0.14221543712527734	-0.1381698173849285	0.32457840141449523
954	ATGTGG	MW	ATG	TGG	M	W	0.8908333268931408	0.49999999999999994	1.21	1.2650000000000001	18.96	5.8149999999999995	0.26400500257339754	0.22611816979995658	0.8908333268931408
2576	GGACAA	GQ	GGA	CAA	G	Q	-0.7335543836429217	-1.95	0.925	0.8400000000000001	8.924999999999999	5.8100000000000005	-0.23049520056078676	-0.21605822679045072	-0.7335543836429217
2865	GTATAC	VY	GTA	TAC	V	Y	0.9438777183012128	1.4500000000000002	1.585	0.875	19.8	5.8100000000000005	0.30771526593561094	0.2644307799573511	0.9438777183012128
772	ATAACA	IT	ATA	ACA	I	T	0.7965792092049533	1.9	1.395	0.9550000000000001	18.585	5.81	0.24758416554084173	0.21074855989311436	0.7965792092049533
1068	CAAGTA	QV	CAA	GTA	Q	V	-0.040922686133090025	0.3500000000000001	1.4	1.085	18.009999999999998	5.805	0.22105438420275353	0.1865423705518294	-0.040922686133090025
2308	GCAACA	AT	GCA	ACA	A	T	0.12371962247267021	0.55	1.01	1.125	13.635	5.8	0.004518485574258574	-0.005558828043859487	0.12371962247267021
1796	CTAACA	LT	CTA	ACA	L	T	0.6098634742315312	1.5499999999999998	1.245	1.02	18.585	5.79	0.2558038689021899	0.2155444660240624	0.6098634742315312
634	AGCTGG	SW	AGC	TGG	S	W	-0.06025301010544837	-0.8500000000000001	1.06	0.925	15.57	5.785	0.10529918968847396	0.08353200758258111	-0.06025301010544837
2564	GGAACA	GT	GGA	ACA	G	T	0.1379010067575699	-0.55	0.97	0.7	9.584999999999999	5.785	-0.19754301138897418	-0.1809026319931057	0.1379010067575699
300	ACAGTA	TV	ACA	GTA	T	V	0.2248262948344788	1.75	1.4449999999999998	0.9450000000000001	18.67	5.779999999999999	0.26423360055300393	0.22169796534917452	0.2248262948344788
3761	TGGTAC	WY	TGG	TAC	W	Y	-0.3666791219077954	-1.1	1.42	0.885	19.85	5.775	0.32653934931965833	0.27503276054512105	-0.3666791219077954
1082	CAATGG	QW	CAA	TGG	Q	W	0.02181497860246928	-2.2	1.235	1.0950000000000002	18.060000000000002	5.77	0.237108948238057	0.19714435113959944	0.02181497860246928
3916	TTCATA	FI	TTC	ATA	F	I	0.8421198457328511	3.65	1.49	1.105	20.6	5.75	0.3773328138449406	0.3141648160879651	0.8421198457328511
314	ACATGG	TW	ACA	TGG	T	W	-0.06266067826562427	-0.8	1.28	0.9550000000000001	18.72	5.744999999999999	0.28136889850083796	0.23229994593694425	-0.06266067826562427
2365	GCATTC	AF	GCA	TTC	A	F	0.7071543035490375	2.3	1.105	1.275	15.65	5.74	0.12197961093444887	0.0978574281509913	0.7071543035490375
910	ATGATG	MM	ATG	ATG	M	M	2	1.9	1.05	1.45	16.25	5.74	0.15353808106142153	0.12436716645431778	2
3932	TTCCTA	FL	TTC	CTA	F	L	1.4217638881911583	3.3	1.3399999999999999	1.17	20.6	5.73	0.3873411651190193	0.31896072221891303	1.4217638881911583
3944	TTCGGA	FG	TTC	GGA	F	G	-1.4646809346827858	1.2	1.065	0.8499999999999999	11.6	5.725	-0.08952554755809694	-0.07748637579825468	-1.4646809346827858
3948	TTCGTA	FV	TTC	GTA	F	V	1.290835121165614	3.5	1.54	1.095	20.685000000000002	5.720000000000001	0.3968915756729704	0.32511422154402503	1.290835121165614
769	ATAAAC	IN	ATA	AAC	I	N	-0.28831451928299145	0.5	1.245	0.875	17.11	5.715	0.20740988241329283	0.16835934068610559	-0.28831451928299145
905	ATGAGC	MS	ATG	AGC	M	S	-0.06488185028253213	0.5499999999999999	0.9	1.1099999999999999	12.86	5.71	-0.02006055582143769	-0.018218995763056967	-0.06488185028253213
2305	GCAAAC	AN	GCA	AAC	A	N	0.1828380026924492	-0.85	0.86	1.045	12.16	5.705	-0.057181709158115074	-0.0479480472508681	0.1828380026924492
945	ATGTAC	MY	ATG	TAC	M	Y	0.3825985775687055	0.29999999999999993	1.26	1.0699999999999998	17.14	5.7	0.2142238624090427	0.17328175719948302	0.3825985775687055
912	ATGCAA	MQ	ATG	CAA	M	Q	-0.5495859591207797	-0.8	1.0750000000000002	1.28	15.35	5.695	0.11823360620333112	0.09539334779396114	-0.5495859591207797
1793	CTAAAC	LN	CTA	AAC	L	N	0.5022706907416854	0.1499999999999999	1.095	0.94	17.11	5.695	0.21432027774919304	0.17315524681705363	0.5022706907416854
2561	GGAAAC	GN	GGA	AAC	G	N	-0.2987625426313052	-1.95	0.8200000000000001	0.62	8.11	5.6899999999999995	-0.277301670624881	-0.22329185120011413	-0.2987625426313052
3668	TGCCCA	CP	TGC	CCA	C	P	-0.07333650257298174	0.44999999999999996	0.87	0.635	15.445	5.6850000000000005	0.12613631802054048	0.10198867609079523	-0.07333650257298174
108	AACGTA	NV	AAC	GTA	N	V	-0.033295885298507244	0.3500000000000001	1.295	0.865	17.195	5.6850000000000005	0.22245375071967238	0.17930874614216563	-0.033295885298507244
3962	TTCTGG	FW	TTC	TGG	F	W	0.32702851206499517	0.95	1.375	1.105	20.735	5.6850000000000005	0.4172901574367739	0.33571620213179487	0.32702851206499517
585	AGCAGC	SS	AGC	AGC	S	S	0.24380441796009933	-0.8	0.75	0.77	9.47	5.68	-0.20268676058145468	-0.16080515798043216	0.24380441796009933
625	AGCTAC	SY	AGC	TAC	S	Y	0.059721390618854286	-1.05	1.1099999999999999	0.73	13.75	5.67	0.035791881662748576	0.030695594982107683	0.059721390618854286
900	ATGACA	MT	ATG	ACA	M	T	0.5508933434097578	0.6	1.12	1.14	16.009999999999998	5.67	0.16168356082324947	0.130548942591306	0.5508933434097578
1033	CAAAGC	QS	CAA	AGC	Q	S	0.06695734729495229	-2.15	0.925	0.9400000000000001	11.96	5.665	-0.06333405630560354	-0.047192814423414095	0.06695734729495229
3185	TACTAC	YY	TAC	TAC	Y	Y	0.7743292023257133	-1.3	1.47	0.69	18.03	5.66	0.27806973634689774	0.22219634794464782	0.7743292023257133
1073	CAATAC	QY	CAA	TAC	Q	Y	0.18816042499365082	-2.4	1.2850000000000001	0.9	16.240000000000002	5.655	0.1790991400086828	0.14430793853912588	0.18816042499365082
122	AACTGG	NW	AAC	TGG	N	W	-1.0804015689477033	-2.2	1.1300000000000001	0.875	17.245	5.65	0.23750858040673117	0.18991072672993559	-1.0804015689477033
1040	CAACAA	QQ	CAA	CAA	Q	Q	0.4425973036906896	-3.5	1.1	1.11	14.45	5.65	0.07933408219061955	0.06641952913360394	0.4425973036906896
580	AGCACA	ST	AGC	ACA	S	T	0.11339767000460199	-0.75	0.97	0.8	12.620000000000001	5.64	-0.022766798507815794	-0.012037219626069129	0.11339767000460199
305	ACATAC	TY	ACA	TAC	T	Y	-0.0133826195282154	-1	1.33	0.76	16.9	5.63	0.22470834328751824	0.17946353333647067	-0.0133826195282154
1028	CAAACA	QT	CAA	ACA	Q	T	-0.504469308217633	-2.1	1.145	0.97	15.11	5.625	0.12310359673539362	0.10157512393094892	-0.504469308217633
3918	TTCATG	FM	TTC	ATG	F	M	1.172036207880522	2.3499999999999996	1.2149999999999999	1.29	18.025	5.61	0.297095521128948	0.23396519878615707	1.172036207880522
260	ACAACA	TT	ACA	ACA	T	T	0.40270125670433643	-0.7	1.19	0.83	15.77	5.6	0.168337760935753	0.13673071872829384	0.40270125670433643
3913	TTCAGC	FS	TTC	AGC	F	S	-1.4038677641083996	0.9999999999999999	1.065	0.95	14.635000000000002	5.58	0.10630056578982128	0.09137903656878144	-1.4038677641083996
897	ATGAAC	MN	ATG	AAC	M	N	0.25918458482549234	-0.8	0.97	1.06	14.535	5.575	0.101486851153996	0.08815972338429745	0.25918458482549234
3953	TTCTAC	FY	TTC	TAC	F	Y	0.8348093881574812	0.7499999999999999	1.4249999999999998	0.9099999999999999	18.915	5.57	0.3660676688613547	0.28287978953132165	0.8348093881574812
3920	TTCCAA	FQ	TTC	CAA	F	Q	0.11682000302663909	-0.3500000000000001	1.24	1.12	17.125	5.565	0.2601433154083227	0.20499138012579965	0.11682000302663909
73	AACAGC	NS	AAC	AGC	N	S	0.13700081443741752	-2.15	0.8200000000000001	0.72	11.145	5.545	-0.09922111935407499	-0.054426438833077795	0.13700081443741752
3660	TGCATA	CI	TGC	ATA	C	I	0.3762625896353775	3.5	1.395	0.89	17.43	5.545	0.28574894618490926	0.22326306989427247	0.3762625896353775
3908	TTCACA	FT	TTC	ACA	F	T	-0.12809500672422658	1.0499999999999998	1.285	0.98	17.785	5.54	0.3093708690862996	0.24014697492314468	-0.12809500672422658
2363	GCATGT	AC	GCA	TGT	A	C	-0.46084604289868736	2.15	1.01	1.06	12.48	5.535	-0.016049184970675145	0.006955681957298787	-0.46084604289868736
113	AACTAC	NY	AAC	TAC	N	Y	0.14239850216110383	-2.4	1.18	0.6799999999999999	15.425	5.535	0.16564562751827194	0.13707431412946217	0.14239850216110383
80	AACCAA	NQ	AAC	CAA	N	Q	0.07108282260698928	-3.5	0.9950000000000001	0.8900000000000001	13.635	5.53	0.05616616990122661	0.05918590472394024	0.07108282260698928
3676	TGCCTA	CL	TGC	CTA	C	L	1.2566441210910924	3.15	1.245	0.955	17.43	5.525	0.29294339478734666	0.2280589760252203	1.2566441210910924
3688	TGCGGA	CG	TGC	GGA	C	G	-0.4971894630651015	1.05	0.97	0.635	8.43	5.52	-0.26651402430181015	-0.16838812199194725	-0.4971894630651015
3692	TGCGTA	CV	TGC	GTA	C	V	0.5420537748270178	3.35	1.4449999999999998	0.88	17.515	5.515000000000001	0.301860233406951	0.23421247535033257	0.5420537748270178
68	AACACA	NT	AAC	ACA	N	T	-0.28133515119128916	-2.1	1.04	0.75	14.295	5.505	0.10254653341539005	0.09434149952128523	-0.28133515119128916
3706	TGCTGG	CW	TGC	TGG	C	W	-1.4604480516647378	0.8	1.28	0.89	17.565	5.48	0.3177894145550708	0.24481445593810247	-1.4604480516647378
3965	TTCTTC	FF	TTC	TTC	F	F	1.0459168008653439	2.8	1.38	1.13	19.8	5.48	0.4611358647132311	0.34356323111799536	1.0459168008653439
3905	TTCAAC	FN	TTC	AAC	F	N	-0.5747974887432257	-0.3500000000000001	1.135	0.8999999999999999	16.310000000000002	5.445	0.2481477950750638	0.19775775571613607	-0.5747974887432257
65	AACAAC	NN	AAC	AAC	N	N	0.24164932627661173	-3.5	0.89	0.67	12.82	5.41	0.024316879653269258	0.05195228031427657	0.24164932627661173
2065	GAACAC	EH	GAA	CAC	E	H	-0.25659599627295826	-3.35	0.62	1.255	13.629999999999999	5.405	0.07973980555050592	0.08893940355650504	-0.25659599627295826
3662	TGCATG	CM	TGC	ATG	C	M	0.4173707643993563	2.2	1.12	1.075	14.855	5.405	0.16238548819341386	0.1430634525924644	0.4173707643993563
3657	TGCAGC	CS	TGC	AGC	C	S	-0.11739566377216448	0.85	0.97	0.735	11.465	5.375	-0.06347451140013055	4.772903750891039e-4	-0.11739566377216448
3697	TGCTAC	CY	TGC	TAC	C	Y	0.17971222048621271	0.6	1.33	0.695	15.745000000000001	5.365	0.2338275678450129	0.19197804333762905	0.17971222048621271
3664	TGCCAA	CQ	TGC	CAA	C	Q	-0.28567813547111953	-0.5	1.145	0.905	13.955	5.36	0.11091327838718318	0.11408963393210708	-0.28567813547111953
3652	TGCACA	CT	TGC	ACA	C	T	-0.1501173350184537	0.9	1.19	0.7649999999999999	14.615	5.335	0.16262851731351147	0.14924522872945206	-0.1501173350184537
3709	TGCTTC	CF	TGC	TTC	C	F	1.2849260270598464	2.65	1.285	0.9149999999999999	16.630000000000003	5.275	0.32428544603101084	0.25266148492430274	1.2849260270598464
3649	TGCAAC	CN	TGC	AAC	C	N	-0.42512891460095226	-0.5	1.04	0.685	13.14	5.24	0.07461899835113656	0.10685600952244345	-0.42512891460095226
2129	GACCAC	DH	GAC	CAC	D	H	0.07613765264230565	-3.35	0.7050000000000001	1.005	12.684999999999999	5.18	0.04953736632455055	0.10114050970193166	0.07613765264230565
3705	TGCTGC	CC	TGC	TGC	C	C	-1.0651770394005862	2.5	1.19	0.7	13.46	5.07	0.12975002258014756	0.16175973873061067	-1.0651770394005862
2068	GAACCA	EP	GAA	CCA	E	P	0.07910163712435292	-2.55	0.46	1.04	15.5	4.76	0.3826713579956468	0.32622939399161843	0.07910163712435292
2060	GAAATA	EI	GAA	ATA	E	I	0.28626841785181867	0.5	0.9850000000000001	1.295	17.485	4.62	0.6241190664997431	0.4475037877950955	0.28626841785181867
2336	GCAGAA	AE	GCA	GAA	A	E	-0.4250266337478159	-0.85	0.6	1.4649999999999999	12.535	4.61	0.11912520645918345	0.2311963998581218	-0.4250266337478159
2076	GAACTA	EL	GAA	CTA	E	L	0.4721103543588008	0.1499999999999999	0.835	1.3599999999999999	17.485	4.6000000000000005	0.6313623367573673	0.4522996939260436	0.4721103543588008
2088	GAAGGA	EG	GAA	GGA	E	G	0.16214992726792055	-1.95	0.56	1.04	8.485	4.595	-0.29757404003175475	0.05585259590887574	0.16214992726792055
2092	GAAGTA	EV	GAA	GTA	E	V	-0.23991528213568714	0.3500000000000001	1.035	1.2850000000000001	17.57	4.59	0.6437932249673056	0.45845319325115585	-0.23991528213568714
2106	GAATGG	EW	GAA	TGG	E	W	-0.5262046436107557	-2.2	0.8700000000000001	1.295	17.62	4.555	0.6618605726959668	0.4690551738389256	-0.5262046436107557
2132	GACCCA	DP	GAC	CCA	D	P	0.43727877988257013	-2.55	0.545	0.79	14.555	4.535	0.3440904569898964	0.33843050013704495	0.43727877988257013
2062	GAAATG	EM	GAA	ATG	E	M	0.5269228484126423	-0.8	0.71	1.48	14.91	4.48	0.39538183287033657	0.36730417049328734	0.5269228484126423
2057	GAAAGC	ES	GAA	AGC	E	S	0.06414616215567648	-2.15	0.56	1.1400000000000001	11.52	4.45	0.030420060986721037	0.22471800827591207	0.06414616215567648
2097	GAATAC	EY	GAA	TAC	E	Y	0.3144680006188061	-2.4	0.9199999999999999	1.1	15.8	4.44	0.5034601264068905	0.41621876123845203	0.3144680006188061
2064	GAACAA	EQ	GAA	CAA	E	Q	0.04499832255079461	-3.5	0.7350000000000001	1.31	14.01	4.4350000000000005	0.3070703554768982	0.3383303518329301	0.04499832255079461
2052	GAAACA	ET	GAA	ACA	E	T	0.2383406584800376	-2.1	0.78	1.17	14.67	4.41	0.3859426401005517	0.3734859466302751	0.2383406584800376
2124	GACATA	DI	GAC	ATA	D	I	0.18138291766674186	0.5	1.07	1.045	16.54	4.395	0.5994889534634495	0.4597048939405221	0.18138291766674186
2337	GCAGAC	AD	GCA	GAC	A	D	0.267312398312189	-0.85	0.685	1.2149999999999999	11.59	4.385	0.04464374514548794	0.24339750600354845	0.267312398312189
2140	GACCTA	DL	GAC	CTA	D	L	-0.049393211616486354	0.1499999999999999	0.92	1.1099999999999999	16.54	4.375	0.6058933789183294	0.4645008000714701	-0.049393211616486354
2152	GACGGA	DG	GAC	GGA	D	G	0.7941379925228311	-1.95	0.645	0.79	7.54	4.37	-0.41312893793698846	0.06805370205430239	0.7941379925228311
2156	GACGTA	DV	GAC	GTA	D	V	-0.09000383485998498	0.3500000000000001	1.12	1.0350000000000001	16.625	4.365	0.6187536757772909	0.4706542993965822	-0.09000383485998498
2109	GAATTC	EF	GAA	TTC	E	F	0.2503745358293976	-0.3500000000000001	0.875	1.3199999999999998	16.685000000000002	4.3500000000000005	0.6304709997474134	0.476902202825126	0.2503745358293976
2170	GACTGG	DW	GAC	TGG	D	W	-0.9102138597196348	-2.2	0.9550000000000001	1.045	16.675	4.33	0.6358523574837354	0.48125627998435205	-0.9102138597196348
2049	GAAAAC	EN	GAA	AAC	E	N	0.6840371025758678	-3.5	0.63	1.09	13.195	4.315	0.23760952782333372	0.33109672742326657	0.6840371025758678
2126	GACATG	DM	GAC	ATG	D	M	0.24409150227669052	-0.8	0.795	1.23	13.965	4.255	0.3391652185116425	0.37950527663871403	0.24409150227669052
2121	GACAGC	DS	GAC	AGC	D	S	0.28048049006579845	-2.15	0.645	0.89	10.575	4.225	-0.0609082001154323	0.23691911442133873	0.28048049006579845
2161	GACTAC	DY	GAC	TAC	D	Y	0.5719720209919323	-2.4	1.005	0.85	14.855	4.215	0.4544535828527413	0.4284198673838787	0.5719720209919323
2128	GACCAA	DQ	GAC	CAA	D	Q	-0.06819110623662539	-3.5	0.8200000000000001	1.06	13.065	4.21	0.2399787174254775	0.3505314579783568	-0.06819110623662539
2116	GACACA	DT	GAC	ACA	D	T	0.4792651759301805	-2.1	0.865	0.9199999999999999	13.725	4.185	0.32439336949583764	0.3856870527757018	0.4792651759301805
3680	TGCGAA	CE	TGC	GAA	C	E	-0.4474164550847437	-0.5	0.78	1.105	13.515	4.1450000000000005	0.3062929996988061	0.38600045663143334	-0.4474164550847437
2173	GACTTC	DF	GAC	TTC	D	F	0.20657649473201545	-0.3500000000000001	0.96	1.0699999999999998	15.74	4.125	0.5865274837526875	0.4891033089705526	0.20657649473201545
2113	GACAAC	DN	GAC	AAC	D	N	0.41891613210591316	-3.5	0.7150000000000001	0.8400000000000001	12.25	4.09	0.15734602911929002	0.34329783356869326	0.41891613210591316
3681	TGCGAC	CD	TGC	GAC	C	D	0.765831293525121	-0.5	0.865	0.855	12.57	3.92	0.22209491941998372	0.39820156277686014	0.765831293525121
2080	GAAGAA	EE	GAA	GAA	E	E	-0.3191643241711368	-3.5	0.37	1.51	13.57	3.22	0.48735197992218804	0.6102411745322566	-0.3191643241711368
2144	GACGAA	DE	GAC	GAA	D	E	0.622357580151327	-3.5	0.455	1.26	12.625	2.995	0.36490657113726527	0.6224422806776833	0.622357580151327
2145	GACGAC	DD	GAC	GAC	D	D	0.8333912719516814	-3.5	0.54	1.01	11.68	2.77	0.2235871542905855	0.6346433868231096	0.8333912719516814
